Mean,Name,Unnamed: 0,std dev
-46.054567382614096,174,6.0,0.8114068463500219
-46.69386703294282,777,1.0,0.5598819882116999
0.0,Leo,0.0,0.0
-45.99746416572686,forge3,10.0,0.7629742510941607
-47.45475861114117,652,,0.5347467254595321
-46.98397193480601,422,,0.5199598513458853
